A4101c,1295902947,-8234145748166744255,Ander,HYPОһRX ARMYYрҹ§ғ,1743355595
aaAnderson015,5869859062,-3377040320593475380,Anderson xd,HYPОһRX ARMYYрҹ§ғ,1743355595
aAnthhh,6221427155,-2097707144006946957,Dani Ribba,HYPОһRX ARMYYрҹ§ғ,1743355595
Aawaosas,1786618559,817650197694136761,рҹҰ©,HYPОһRX ARMYYрҹ§ғ,1743355595
AbdiasPollin,856832894,-3938730462175387448,AbdiasCar,HYPОһRX ARMYYрҹ§ғ,1743355595
abelitoshop1,7723205177,-1311057837352150716,Abelito SHOP,HYPОһRX ARMYYрҹ§ғ,1743355595
aboardmaloy,7879434095,1546102294461831327,Sr. _ R.,HYPОһRX ARMYYрҹ§ғ,1743355595
Abtt20,1224065807,1215432260490442435,Abtt Tre,HYPОһRX ARMYYрҹ§ғ,1743355595
Acuariano15,6619284039,-2214536987312849687,Acuariano 15,HYPОһRX ARMYYрҹ§ғ,1743355595
Adi_Ssj2,6286494299,-5691824441232671541,Adi Ssj,HYPОһRX ARMYYрҹ§ғ,1743355595
ADMGalactico,1535774950,1773060950475206131,ADM,HYPОһRX ARMYYрҹ§ғ,1743355595
Adomundial,8445579740,3844978376336722673,ADO,HYPОһRX ARMYYрҹ§ғ,1743355595
Adrigtr12,1787121520,1177311731229794217,вӮіДҗвұӨЕӮ 2.0,HYPОһRX ARMYYрҹ§ғ,1743355595
AEANENA,8355141544,3291395310821776717,к§Ғај’вҳ¬ NвҠ¶eвҠ¶nвҠ¶a вҳ¬ај’к§Ӯ,HYPОһRX ARMYYрҹ§ғ,1743355595
Agente887,2008070583,2835693571794545624,в„ўELEPHANTв„ў,HYPОһRX ARMYYрҹ§ғ,1743355595
Agressive55,6215333374,-8069746232431321021,Proud,HYPОһRX ARMYYрҹ§ғ,1743355595
Airbone_19,8050364157,5029609408707554945,в•°в”ҲвһӨ [ рқ—”вғӘрқ—ңвғӘрқ—ҘвғӘрқ—•вғӘрқ—ўвғӘрқ—ЎвғӘрқ—ҳвғӘ ] рқ•°рқ–’рқ–•рқ–Һрқ–—рқ–Ҡ рқ•ёрқ–Ҷрқ–—рқ–җрқ–Ҡрқ–ҷ рқ•»рқ–Ҡрқ–—рқ–ҡ,HYPОһRX ARMYYрҹ§ғ,1743355595
ALANCM2,7096953639,8173841312089059096,Roy Alan,HYPОһRX ARMYYрҹ§ғ,1743355595
aldaaekide,5269252957,5499546430686274505,Al Гұaa,HYPОһRX ARMYYрҹ§ғ,1743355595
AlejandroDiForte,1495846412,-202891550263741511,Alejandro Di Forte,HYPОһRX ARMYYрҹ§ғ,1743355595
alejandrolandac,1987514820,9041653033418290929,Alejandro,HYPОһRX ARMYYрҹ§ғ,1743355595
alejandrotote,2039769169,8772625066763866919,Alejadro Cc,HYPОһRX ARMYYрҹ§ғ,1743355595
AlexaEsca,5623547610,-1238512301786166795,Vanessa Lugo,HYPОһRX ARMYYрҹ§ғ,1743355595
alexanderpari89,6013989764,-6329268802982081889,Alexander Pari,HYPОһRX ARMYYрҹ§ғ,1743355595
alexanderv2808,869368572,-8599189579572620031,Alexander,HYPОһRX ARMYYрҹ§ғ,1743355595
Alexandro2003,8306781898,1489798200401671437,Alexandro,HYPОһRX ARMYYрҹ§ғ,1743355595
AlexEnsa,6516293507,-4413540981792289720,Alex ensalada,HYPОһRX ARMYYрҹ§ғ,1743355595
alexis0528,979615484,8088302439257953582,alexis,HYPОһRX ARMYYрҹ§ғ,1743355595
Alexzamatua,5518802221,4195031810698603335,Alex,HYPОһRX ARMYYрҹ§ғ,1743355595
alis_chinis,1576138133,-1419630918647929076,Ali рҹҸіпёҸвҖҚвҡ§пёҸ,HYPОһRX ARMYYрҹ§ғ,1743355595
ALONEXlll,7251485074,-8764383841234445977,Оӣ L Гҳ N Оһ,HYPОһRX ARMYYрҹ§ғ,1743355595
alonzer23,5708954060,-3421945694323788517,Alonso237,HYPОһRX ARMYYрҹ§ғ,1743355595
Alonzzzzzz,1432132389,7042043828017470324,Diego Q,HYPОһRX ARMYYрҹ§ғ,1743355595
AlphaxCEO,7929497488,-18802831241035606,вҖўк§Ғај’вҳ¬рҹ…°рҹ…»рҹ…ҝрҹ…·рҹ…°вҳ¬ај’к§ӮвҖўрҹҮөрҹҮӘ~рҹҮІрҹҮҪ,HYPОһRX ARMYYрҹ§ғ,1743355595
Alsz19,1512551082,-7784703601071055462,Zkn,HYPОһRX ARMYYрҹ§ғ,1743355595
Alucardd_Hell,6504157704,-2659486276366032958,Alucard рқ•Ҝрқ•Ҫрқ•¶,HYPОһRX ARMYYрҹ§ғ,1743355595
AluCardx0,1064134697,-2746869495817610464,AluCardx0,HYPОһRX ARMYYрҹ§ғ,1743355595
alvaroaasds,5276998844,-6202374554741220408,-,HYPОһRX ARMYYрҹ§ғ,1743355595
Alvarofiesta,6197439506,2128282830742544484,Runnig Distance,HYPОһRX ARMYYрҹ§ғ,1743355595
AlvaroNdC,6343265036,-2477633632145452180,Alvaro,HYPОһRX ARMYYрҹ§ғ,1743355595
anastasiaa85,6119680085,2491328768362510909,Anastasia,HYPОһRX ARMYYрҹ§ғ,1743355595
anderkp,1962250004,-8215904558695497699,Ander,HYPОһRX ARMYYрҹ§ғ,1743355595
andreaprti,1921281759,-3737479717499355228,Nicol,HYPОһRX ARMYYрҹ§ғ,1743355595
andresugarteee,2109010404,5471704450651224511,carita,HYPОһRX ARMYYрҹ§ғ,1743355595
Androiid_71,6961235497,-3282193310515614505,Androide 17 вқӨпёҸвҖҚрҹ”ҘвқӨпёҸвҖҚрҹ”Ҙ,HYPОһRX ARMYYрҹ§ғ,1743355595
andyswork,8104936351,6361219682370952503,Vale,HYPОһRX ARMYYрҹ§ғ,1743355595
angel19032023,5696133697,6980863146987067754,Miguel Angel,HYPОһRX ARMYYрҹ§ғ,1743355595
angellima17,5075509011,-7414821452067238221,Angel lima,HYPОһRX ARMYYрҹ§ғ,1743355595
Angeloox1,6041276498,-3103659777733317093,MIGUEL GARCIA рҹҮөрҹҮӘ,HYPОһRX ARMYYрҹ§ғ,1743355595
AngryRival1,6410356430,-1535941816140945165,рқ—”рқ—»рқ—ҙрқ—ҝрқҳҶ рқ—Ҙрқ—¶рқҳғрқ—®рқ—№ рҹҳЎ,HYPОһRX ARMYYрҹ§ғ,1743355595
anngielopz,7887588617,688766864428796816,Angeles Rodriguez,HYPОһRX ARMYYрҹ§ғ,1743355595
annnnn00000000,843029849,-2824462586492032610,A....,HYPОһRX ARMYYрҹ§ғ,1743355595
anonimato0zA,8452042556,405304143228405068,Anonimo-,HYPОһRX ARMYYрҹ§ғ,1743355595
Anonimosmill,6633697673,-2633289756944029103,Angel marquez,HYPОһRX ARMYYрҹ§ғ,1743355595
AnonymousHsccs,6524302426,9150341788590353949,вҖўВҙВәВҙрқ‘Ёрқ’Ҹрқ’җрқ’Ҹрқ’ҡрқ’Һрқ’җрқ’–рқ’”ВҙВәВҙвҖў [рҹҮөрҹҮӘ],HYPОһRX ARMYYрҹ§ғ,1743355595
anpzch,1678553352,6725909651716818763,a PCh,HYPОһRX ARMYYрҹ§ғ,1743355595
ansatsusx,5779867906,3439361750055293191,Mark,HYPОһRX ARMYYрҹ§ғ,1743355595
Anthony_Brassco,5243540015,-4525034574948402357,Anthony Brassco,HYPОһRX ARMYYрҹ§ғ,1743355595
anthony_Mc,6362743080,2289625294931048808,VOETEX M,HYPОһRX ARMYYрҹ§ғ,1743355595
anthonyxddd,1852023510,-6197420494957548430,anthony xdddd,HYPОһRX ARMYYрҹ§ғ,1743355595
Antiluaker,8214904714,-480712145453249029,рқ—Ұрқ—Ёрқ—Јрқ—ҳрқ—Ҙ_рқ— рқ—”рқ—Ў-рҹ“ұ,HYPОһRX ARMYYрҹ§ғ,1743355595
antoni055,6522484620,-5180781693532241157,Antoni Dc,HYPОһRX ARMYYрҹ§ғ,1743355595
antoniostorehco,6789723946,-2030453941571907120,Antonio Sanchez,HYPОһRX ARMYYрҹ§ғ,1743355595
Antonycanf,2056057893,3214296605520408521,Antonycanf27,HYPОһRX ARMYYрҹ§ғ,1743355595
antonyheeer,7180563647,-3226098386175927480,Antony He,HYPОһRX ARMYYрҹ§ғ,1743355595
AntoxOficial,1495070810,7355273870723487179,Antox l рқ•ӯрқ–Һрқ–“рқ–ҳрқ•»рқ–Ҡрқ–—рқ–ҡ,HYPОһRX ARMYYрҹ§ғ,1743355595
Antu91,5817470191,-3747671063205052401,Anрҹ–ӨрҹҘҖ,HYPОһRX ARMYYрҹ§ғ,1743355595
aoixito3001,1517662344,-4719784967851294329,рқ‘Ёрқ‘¶рқ‘°|рқҳјрқҷҠрқҷ„рқҷ“рқҷ„рқҷҸрқҷҠ|EP,HYPОһRX ARMYYрҹ§ғ,1743355595
Arbusto21,5266429389,-4765387443519047368,Arbusto21рҹ”ҙ,HYPОһRX ARMYYрҹ§ғ,1743355595
Areval0009,1112368901,8774411545295570919,Ald00,HYPОһRX ARMYYрҹ§ғ,1743355595
Armanditotito,1137306512,-1161453957549695121,Sr Armando,HYPОһRX ARMYYрҹ§ғ,1743355595
armandoarmas,8434521686,-4155089228291925530,ARMANDO ARMAS,HYPОһRX ARMYYрҹ§ғ,1743355595
ArmandoC85,932147369,2702606746442495407,Armando C.,HYPОһRX ARMYYрҹ§ғ,1743355595
arrocitoL4Leyenda,5693679318,-5152818388128021902,Arrocito la leyenda,HYPОһRX ARMYYрҹ§ғ,1743355595
Art0145,1676599420,-6783158152991224072,ADC,HYPОһRX ARMYYрҹ§ғ,1743355595
Arthemisa94,5225229114,-3555264644348887062,Jota TA,HYPОһRX ARMYYрҹ§ғ,1743355595
asdfghjkl0110,1428956671,-9135976308233900496,TF21,HYPОһRX ARMYYрҹ§ғ,1743355595
Asdkan567,2109347413,4779627183420269593,MichiXd,HYPОһRX ARMYYрҹ§ғ,1743355595
asuka_Langley_Soryu1,7239470670,1999160363908108997,рқҗҙрқ‘ рқ‘ўрқ‘ҳрқ‘Һ рқҗҝрқ‘Һрқ‘ӣрқ‘”рқ‘ҷрқ‘’рқ‘Ұ рқ‘Ҷрқ‘ңМ„рқ‘ҹрқ‘Ұрқ‘ўМ„,HYPОһRX ARMYYрҹ§ғ,1743355595
asunaventas,8426055526,-3641676948934283607,рқҗҖрқҗҠрқҗҷ | рқ‘Ҫрқ‘Ёрқ‘ірқ‘¬рқ‘өрқ‘»рқ‘°рқ‘өрқ‘Ё,HYPОһRX ARMYYрҹ§ғ,1743355595
Atlas_imissuP,6978692162,-5769414095036141070,YMiko's Love's,HYPОһRX ARMYYрҹ§ғ,1743355595
Atrapado77,6619696780,-8979953314445739528,.,HYPОһRX ARMYYрҹ§ғ,1743355595
atrebissage,6139223288,8542651958552092358,A,HYPОһRX ARMYYрҹ§ғ,1743355595
atreustxt,6851278564,2943968866848095364,Atreus,HYPОһRX ARMYYрҹ§ғ,1743355595
augustocl02,2032886455,-7729240421826311778,Augusto CL,HYPОһRX ARMYYрҹ§ғ,1743355595
AustinPNG,7321320236,-749850629889766160,Austin,HYPОһRX ARMYYрҹ§ғ,1743355595
autenticdark,6600153253,4811180420706975058,Eloy,HYPОһRX ARMYYрҹ§ғ,1743355595
AviadorPE,6210009364,-7497704162354945060,рҹҢҖрҹҮөрҹҮӘвңҲпёҸAviadorPEрҹҮөрҹҮӘрҹҢҖ,HYPОһRX ARMYYрҹ§ғ,1743355595
Axelitopipi,2036016550,-2323956161194040858,Axel 6446,HYPОһRX ARMYYрҹ§ғ,1743355595
ayroxo,8173708026,2191039831288133855,Bay,HYPОһRX ARMYYрҹ§ғ,1743355595
Azielgg,1850321692,-4397046273133284594,Aziel,HYPОһRX ARMYYрҹ§ғ,1743355595
b4rtolome0,1492391627,3136971927808887255,El BartoрҹҚҖ,HYPОһRX ARMYYрҹ§ғ,1743355595
Babluis,5720996458,-5688400571987566696,P G,HYPОһRX ARMYYрҹ§ғ,1743355595
bahamut322,1056538181,-7733584338624856222,Alex chavez,HYPОһRX ARMYYрҹ§ғ,1743355595
Bailey00K,6121866144,3678692777023219282,Bailey,HYPОһRX ARMYYрҹ§ғ,1743355595
BASTIMP,182626494,2535365670899834142,J V,HYPОһRX ARMYYрҹ§ғ,1743355595
Batmandelasfijas,1361782517,-4864617561999518249,Bruce Wayne,HYPОһRX ARMYYрҹ§ғ,1743355595
Bbehdhxys,1743294146,-9031152737153360633,"Flova ,,",HYPОһRX ARMYYрҹ§ғ,1743355595
Bebiiiiiwwww,6369571179,-8667712174094482480,Carlitos пёҸпёҸпёҸпёҸпёҸпёҸпёҸпёҸпёҸ,HYPОһRX ARMYYрҹ§ғ,1743355595
Bebote777,7269139777,3732641068925106420,рқҗҒ-рқҹҺ-рқҹҺ гҖҗ рҹҮҰрҹҮұ гҖ‘,HYPОһRX ARMYYрҹ§ғ,1743355595
Belicos097,5908902884,-466804951769918926,Yomo,HYPОһRX ARMYYрҹ§ғ,1743355595
Bellotafx,7017296501,8694472918016197277,Bellota,HYPОһRX ARMYYрҹ§ғ,1743355595
Belseou,2136274148,7284053754720348476,Belse,HYPОһRX ARMYYрҹ§ғ,1743355595
Benjamin765n,6776729071,1729948781601372303,рқҷҶрқҷ–рқҷһрқҷ§рқҷӨрқҷӯ,HYPОһRX ARMYYрҹ§ғ,1743355595
Betaaaaa19,5184982468,8846570650924869594,Betania,HYPОһRX ARMYYрҹ§ғ,1743355595
Bettercallsaul_Service,5603362769,-3275575109528818237,гҖҗрқ“ҹрқ““гҖ‘рқ–ҳрқ–Ҷрқ–ҡрқ–‘ рқ–‘рқ–Ҷ рқ–‘рқ–Ҡрқ–һрқ–Ҡрқ–“рқ–үрқ–Ҷ,HYPОһRX ARMYYрҹ§ғ,1743355595
BinerPatogod,6959259492,5638147359375976992,Patrick Na,HYPОһRX ARMYYрҹ§ғ,1743355595
Binsbinso,5380675813,-2033152891404847129,Bins,HYPОһRX ARMYYрҹ§ғ,1743355595
Bitcoin200322,6790758945,-9156478915301817247,Gaaaaa Raaa,HYPОһRX ARMYYрҹ§ғ,1743355595
BL4K_H4T_OFC,5830100940,-6855989692160385223,к§Ғвҝ•вғқвғҹвғӣ вҳ пёҸBLAK_HAT_OFCр–ў…кҷ°вғқвғҹрҹҸҙвҖҚвҳ пёҸк§Ӯ В®в„ў,HYPОһRX ARMYYрҹ§ғ,1743355595
BL4ST3RRR,6821173363,1056462359293064928,D.K,HYPОһRX ARMYYрҹ§ғ,1743355595
Blackaoput,6496606600,-349054738834003127,рқҷҝрқҡҠрқҡқрқҡӣрқҡ’рқҡҢрқҡ’рқҡҳвҶӯ,HYPОһRX ARMYYрҹ§ғ,1743355595
Blackche0,701464797,-4862133686735221342,blackche 06,HYPОһRX ARMYYрҹ§ғ,1743355595
Blackstreecht,6709493183,-6839492680724769586,BLACK Strech,HYPОһRX ARMYYрҹ§ғ,1743355595
BLASELUNICO,8399644340,157910799234241552,Skг…ӨПҹ Blasрҹ”®,HYPОһRX ARMYYрҹ§ғ,1743355595
BlashTaylor,1506056425,297018698237009571,Blash Taylor,HYPОһRX ARMYYрҹ§ғ,1743355595
Blesselcomisionista777,8478873815,2337978494654800872,Osito yogi,HYPОһRX ARMYYрҹ§ғ,1743355595
blockmau,425898722,2223014077819136850,G.c,HYPОһRX ARMYYрҹ§ғ,1743355595
Bloodhound18tg,7507930662,1163845874720973340,рқҷ»рқҷәрқҷ° | Bloodhound,HYPОһRX ARMYYрҹ§ғ,1743355595
BloodSheker7,7408145908,-2328164650609947377,TiO MILKY l рқ•ӯрқ–Һрқ–“рқ–ҳрқ•»рқ–Ҡрқ–—рқ–ҡ,HYPОһRX ARMYYрҹ§ғ,1743355595
Boraxx03,1335511186,3992544863209048200,Borax,HYPОһRX ARMYYрҹ§ғ,1743355595
Bradcvc,6353664679,-3369388728009929335,"рқ•ӯрқ–—рқ–Ҷрқ•Ҝрқ•® ""рқ–ӣ""",HYPОһRX ARMYYрҹ§ғ,1743355595
braxxyzhj,6045660825,7118223297091287037,Senta brxax,HYPОһRX ARMYYрҹ§ғ,1743355595
BrayanMendozaY,1425881762,5112747760134998581,Ayax Mendoza,HYPОһRX ARMYYрҹ§ғ,1743355595
brooklyn230,6173473878,-4805521370981385592,Andres Hurtado,HYPОһRX ARMYYрҹ§ғ,1743355595
Brunocampos05,1820181090,5882093881060330196,Bruno Campos hurtez@,HYPОһRX ARMYYрҹ§ғ,1743355595
Bryan_G1,5246882090,294516193981609254,brdx.2,HYPОһRX ARMYYрҹ§ғ,1743355595
BryanCorp,6825867910,5807076137787942608,вҺҜкҜӯМҪрқ“‘рқ“ҹрқ“— рқ“‘рқ“»рқ”Ӯрқ“Әрқ“· [рқҗӮрқҗҲрқҗҚрқҗ„рқҗҸрқҗӢрқҗҖрқҗҚрқҗ„рқҗ“ рқҗ’рқҗ„рқҗ— ] рқ•ӯрқ–Һрқ–“рқ–ҳрқ•»рқ–Ҡрқ–—рқ–ҡ,HYPОһRX ARMYYрҹ§ғ,1743355595
BundunZone,5460506503,-6773682932821596746,Bundun,HYPОһRX ARMYYрҹ§ғ,1743355595
BurnsBucky,1939507593,8062996797162206940,Sr.Bucky [рқ•ё],HYPОһRX ARMYYрҹ§ғ,1743355595
buscamepe,7876945845,-2572154310133642463,@Plaxplax,HYPОһRX ARMYYрҹ§ғ,1743355595
Buvuluxxx,7848759168,-5981508956782892810,рқ“ҡрқ“ёрқ“Ҫрқ“ёрқ“»рқ“І рқ“Ёрқ“ҫрқ“¶рқ“®рқ“»рқ“І вқғ,HYPОһRX ARMYYрҹ§ғ,1743355595
bynton,7985696521,4310548700815744195,Agente B,HYPОһRX ARMYYрҹ§ғ,1743355595
cachako,7617751641,7954126059782450167,Mael,HYPОһRX ARMYYрҹ§ғ,1743355595
caleb_wee,5565740186,-7292227876443895869,рқ•әрқ–Ӣрқ–Ӣ_рқ•»рқ–‘рқ–Ҷрқ–һрқ–Ҡрқ–—,HYPОһRX ARMYYрҹ§ғ,1743355595
CALLATEALAVERGA,1733917035,-1363991928072118441,Quit,HYPОһRX ARMYYрҹ§ғ,1743355595
cantolao,7167451602,-8112509337369290546,Black list,HYPОһRX ARMYYрҹ§ғ,1743355595
Capuasesino,7928087046,154354809060158219,Capuccino asesino,HYPОһRX ARMYYрҹ§ғ,1743355595
carlitatuconejita,1427189930,-4601662044055223516,Carla,HYPОһRX ARMYYрҹ§ғ,1743355595
CARLOSPERRONE,6658475822,8698664622691193577,Carlos Perone,HYPОһRX ARMYYрҹ§ғ,1743355595
Carmrfgh,8761650191,-1151447860380084665,Mami,HYPОһRX ARMYYрҹ§ғ,1743355595
CarPeru,5168282151,5337322883012862248,рқҗӮрқҗҖрқҗ‘ рқҗҸрқҗ„рқҗ‘рқҗ” рҹҮөрҹҮӘ | рқ•ӯрқ–Һрқ–“рқ–ҳрқ•»рқ–Ҡрқ–—рқ–ҡ,HYPОһRX ARMYYрҹ§ғ,1743355595
cashgtr,5161155139,5180116483621419970,RECEBAAA!!,HYPОһRX ARMYYрҹ§ғ,1743355595
catalinaoficial,8087387660,-3760745729656555765,вӣ§вғқр“„ғ рқҳҫрқҳјрқҷҸрқҳјрқҷҮрқҷ„рқҷүрқҳј вӢҶ.Лҡ рқҳ–рқҳҚрқҳҠр’ҶҷвӢҶвӢҶвӢҶ,HYPОһRX ARMYYрҹ§ғ,1743355595
catmiuuun,5656734795,6250095335456394336,Catmiu,HYPОһRX ARMYYрҹ§ғ,1743355595
CausaGojo,6139901781,3688123703641031446,Satoru Gojo Streaming,HYPОһRX ARMYYрҹ§ғ,1743355595
Centurybo,7438099986,-6061185696171810666,рҹҰӢвғҹбҙ НҘЙӘНЈбҙҳН« рқҳҫрқҷҡрқҷЈрқҷ©рқҷӘрқҷ§рқҷ®,HYPОһRX ARMYYрҹ§ғ,1743355595
Cesar9273,6088533396,-1692601750921933941,Cesar,HYPОһRX ARMYYрҹ§ғ,1743355595
cex29inm,5495420805,-3452153292249529065,Lu,HYPОһRX ARMYYрҹ§ғ,1743355595
Ch0pah1,8163925057,-5604963060358209940,Chopper Patron del Mal,HYPОһRX ARMYYрҹ§ғ,1743355595
chakalitotito,5889168324,499282077495416896,CHAKALITO [рқҗӮрқҗҲрқҗҚрқҗ„рқҗҸрқҗӢрқҗҖрқҗҚрқҗ„рқҗ“ рқҗ’рқҗ„рқҗ— ],HYPОһRX ARMYYрҹ§ғ,1743355595
CharlixDarkstone,1440826254,7875372022650606489,DarkStone14,HYPОһRX ARMYYрҹ§ғ,1743355595
CharlyCharlyareyouhere,5577521758,2160773174121737027,Charly Charly,HYPОһRX ARMYYрҹ§ғ,1743355595
CHAVITO12,6252918880,7252689939614787949,CHAPATIN,HYPОһRX ARMYYрҹ§ғ,1743355595
chefsitoz,6092407325,-2805768953166645301,вҖ”вҖ”вҖ”,HYPОһRX ARMYYрҹ§ғ,1743355595
Cherryman92,1635543369,8317928678466684767,Cherry,HYPОһRX ARMYYрҹ§ғ,1743355595
Chibolindox,7275904299,8719278405012349464,J A,HYPОһRX ARMYYрҹ§ғ,1743355595
chinitovg,6061682464,-3800160019147970834,Chinitovg,HYPОһRX ARMYYрҹ§ғ,1743355595
Chocolatee0409,1878111291,-1708788403934991310,D' CHOCOLATEROрҹҚ«рҹҚ«рҹҚ«,HYPОһRX ARMYYрҹ§ғ,1743355595
ChocoMalote,6404411557,3946483049185602987,Chispin,HYPОһRX ARMYYрҹ§ғ,1743355595
ChristianLarrySM,5087635976,664367689600057697,@CL,HYPОһRX ARMYYрҹ§ғ,1743355595
ChriStile92,1872902265,-4567121420116173085,Topher,HYPОһRX ARMYYрҹ§ғ,1743355595
chulls939,6630227331,-1607826447808879968,Yel,HYPОһRX ARMYYрҹ§ғ,1743355595
cianurocard,1579495144,-5067425303237661673,рқҗҠрқҗ„рқҗ•рқҗҲрқҗҚ рқҗ…рқҗ‘рқҗ„рқҗғрқҗғрқҗҳ рқҗ’рқҗ”Г‘рқҗҲрқҗҶрқҗҖ,HYPОһRX ARMYYрҹ§ғ,1743355595
Cidkagenou4,6036529930,-8481122741254976473,Tokito Muichiro,HYPОһRX ARMYYрҹ§ғ,1743355595
CieloHuLe,1850407432,-6167921379720388829,Mar,HYPОһRX ARMYYрҹ§ғ,1743355595
cineHarold,5489244203,1443707532633033838,Harold,HYPОһRX ARMYYрҹ§ғ,1743355595
CineplanetOroyBlack,1228861624,-8151087301425654724,рқҗҢрқҗірқҗ© | вқҹвқӣвқҹрқҳҪрқҷҮрқҳјрқҳҫрқҷҶ,HYPОһRX ARMYYрҹ§ғ,1743355595
cinnalecsi,1307940229,3867199329637864775,Alee бҜ“бЎЈрҗӯ©,HYPОһRX ARMYYрҹ§ғ,1743355595
Cirus999,6767461959,5830370639726260624,Cirus,HYPОһRX ARMYYрҹ§ғ,1743355595
Cjr26,5396122990,-7252504094654915959,Junior Prr,HYPОһRX ARMYYрҹ§ғ,1743355595
clarencebuysss,8513079894,-730773537977192022,cuenta eliminada xd,HYPОһRX ARMYYрҹ§ғ,1743355595
Clarentttp,1382546856,-1513878217148772393,Clarent,HYPОһRX ARMYYрҹ§ғ,1743355595
CLARObv,8342625611,-4747978566662288776,CLARO вҡ пёҸ|| рқ•ӯрқ–Һрқ–“рқ–ҳрқ•»рқ–Ҡрқ–—рқ–ҡ ||,HYPОһRX ARMYYрҹ§ғ,1743355595
Claymorexd,6803218518,9104142391953286017,рқҳҪрқҳҝрқҷ“в”ӢрқҳҫрқҷҮрқҳјрқҷ”рқҷҲрқҷҠрқҷҚрқҷҖгҖҗDX в„ўгҖ‘,HYPОһRX ARMYYрҹ§ғ,1743355595
cloveelove1,8286642035,-7681049634142980112,рқҳҠрқҳ“рқҳ–рқҳқрқҳҢрқҳҢ вңҝ,HYPОһRX ARMYYрҹ§ғ,1743355595
Cluadia99,1510500858,3630251854839688080,Claudia,HYPОһRX ARMYYрҹ§ғ,1743355595
CODE666x6x,5855258191,3199239383626505722,гҖҺRYZENв„ўкҶҳгҖҸ вңһ рқҳҫрқҷҠрқҳҝрқҷҖ,HYPОһRX ARMYYрҹ§ғ,1743355595
CODEX2605,1117721850,900762178570387011,CвҳҜD3X,HYPОһRX ARMYYрҹ§ғ,1743355595
Codexe17,7910445155,-6384251175151671193,Code </>,HYPОһRX ARMYYрҹ§ғ,1743355595
colero11,6376357728,1508031247190050837,federick holguin,HYPОһRX ARMYYрҹ§ғ,1743355595
CONTA2S,7165487991,-7806426848156409601,Con .,HYPОһRX ARMYYрҹ§ғ,1743355595
contacto_lolix2022,6260742529,6818103755137903438,Carl,HYPОһRX ARMYYрҹ§ғ,1743355595
cosnercato,7985426551,-1504158681873725035,ВӘron,HYPОһRX ARMYYрҹ§ғ,1743355595
Costcito,8297307137,3358789231618894361,рқҗӮрқҗҺрқҗ’рқҗ“ I рқ•ӯрқ–Һрқ–“рқ–ҳрқ•»рқ–Ҡрқ–—рқ–ҡ IгҖҺв„Ёрқ”ўрқ”Ҝрқ”¬рқ”Ҡв„Ңрқ”¬рқ”°рқ”ұгҖҸ,HYPОһRX ARMYYрҹ§ғ,1743355595
CovidHOT_BOT,1589984578,-6775269992127544167,NAMI,HYPОһRX ARMYYрҹ§ғ,1743355595
Coxpanh,7104640823,9160725809354719876,Erik,HYPОһRX ARMYYрҹ§ғ,1743355595
Cripsflow,7790368864,4809519760960131921,бө’б¶°ЛЎКёрқ‘Ірқ‘ірқ‘ӯгҖҶрқ‘әрқ’үрқ’Ҡрқ’Ҷрқ’Қрқ’…рқ‘®рқ’“рқ’Ӯрқ’Һ[рқ—Ұрқ—–рқ—Ҙрқ—ңрқ—Јрқ—ҷрқ—ҹрқ—ўрқ—Ә] гҖҺрқ”үрқ”©рқ”¬рқ”¬рқ”Ўрқ”Ҙрқ”һрқ” рқ”Ёрқ”Ұрқ”«рқ”ӨгҖҸ,HYPОһRX ARMYYрҹ§ғ,1743355595
Cristianmnn,6463509852,-3559898402284408970,Manuel,HYPОһRX ARMYYрҹ§ғ,1743355595
crisventas26,794021492,-5050232913714747199,Cris,HYPОһRX ARMYYрҹ§ғ,1743355595
cruzLQ,5737080343,6324449065144728756,FLx,HYPОһRX ARMYYрҹ§ғ,1743355595
CryptoRatta,7605399266,3436788279389654534,рҹҸө рқҳҫрқҷ§рқҷ®рқҷҘрқҷ©рқҷӨрқҷҚрқҷ–рқҷ©рқҷ–,HYPОһRX ARMYYрҹ§ғ,1743355595
Cskfneya,1556187260,-1121487794858276708,Alexis,HYPОһRX ARMYYрҹ§ғ,1743355595
cuernito2,5350839768,3453213420005196616,рҹӨ–,HYPОһRX ARMYYрҹ§ғ,1743355595
CuponesYape,5927686633,7616726342596467605,рқ“’рқ“ёрқ“ӯрқ“Ірқ“°рқ“ё,HYPОһRX ARMYYрҹ§ғ,1743355595
cutito_guadalupe,1550747846,2399472626190024550,Cutito Guadalupe,HYPОһRX ARMYYрҹ§ғ,1743355595
Cvvfresaas,6309013485,-2177856376647987887,CVV FRESAрҹ”Ҙ,HYPОһRX ARMYYрҹ§ғ,1743355595
DaEnTo0,1494512190,-2585121709728696257,Ldt,HYPОһRX ARMYYрҹ§ғ,1743355595
daisuke_asd,6565274915,-3501121204792289961,daisukee,HYPОһRX ARMYYрҹ§ғ,1743355595
Dakova7,1681633570,-4717503687301926021,D K,HYPОһRX ARMYYрҹ§ғ,1743355595
dallasquincho,6393167015,1685847611408795968,Yy,HYPОһRX ARMYYрҹ§ғ,1743355595
Dan320p,6226095688,-544501311171286993,4zra3l,HYPОһRX ARMYYрҹ§ғ,1743355595
dan_mart9,7411429876,-6139676350696013697,R,HYPОһRX ARMYYрҹ§ғ,1743355595
dangercito_pk,7209975247,2324775917625212037,Dangercito,HYPОһRX ARMYYрҹ§ғ,1743355595
Daniel544527,5218551499,-2317850777693923794,вҳ пёҺДҗГғЕҳД¶,HYPОһRX ARMYYрҹ§ғ,1743355595
Danieldoxing,7514230414,3597250262267308648,Daniel JoaquГӯn,HYPОһRX ARMYYрҹ§ғ,1743355595
Danielitabb,7258831436,-6791511195449879065,Danielita,HYPОһRX ARMYYрҹ§ғ,1743355595
DanielMontana02,8169578528,472151203892987774,Daniel Montana02,HYPОһRX ARMYYрҹ§ғ,1743355595
danielonxd,6146131288,-3902808413239836762,Daniel Loayza,HYPОһRX ARMYYрҹ§ғ,1743355595
DaRelhe,8178896982,7004636605773849080,Darel,HYPОһRX ARMYYрҹ§ғ,1743355595
darien1564,6778415388,6820397591737975266,Darien,HYPОһRX ARMYYрҹ§ғ,1743355595
Dark_Night_14,6095142673,5387345714591983722,Carlo',HYPОһRX ARMYYрҹ§ғ,1743355595
DarkDemonx,6034989403,-922908052017421890,Dark Demonsрҹ‘№,HYPОһRX ARMYYрҹ§ғ,1743355595
DarKFur5,1557838779,2308188408740821990,DARKI,HYPОһRX ARMYYрҹ§ғ,1743355595
DarkGM,1068937046,-3569663514233769762,@DARKGM,HYPОһRX ARMYYрҹ§ғ,1743355595
Darknessslut,5281087290,-6594512404748952016,Jun Dark,HYPОһRX ARMYYрҹ§ғ,1743355595
Darksirus1,5911277095,-1160724436851021198,Dark Sirius,HYPОһRX ARMYYрҹ§ғ,1743355595
Dash_5066,6620304661,-2863250783703110424,Dash 5066,HYPОһRX ARMYYрҹ§ғ,1743355595
Datacenter54,8374310005,3453695073210363975,BLACKDTA,HYPОһRX ARMYYрҹ§ғ,1743355595
Dax2503,5178758191,6464774154204170925,Dax X,HYPОһRX ARMYYрҹ§ғ,1743355595
daysferrer,6266763714,-3396677359371701299,Daysnaris,HYPОһRX ARMYYрҹ§ғ,1743355595
Dazzito,524556284,-2179066083788599968,Dazz,HYPОһRX ARMYYрҹ§ғ,1743355595
DE4TH89,7497401633,-2938583966388316097,DEATHв„ў [AP],HYPОһRX ARMYYрҹ§ғ,1743355595
DeHAs1,5202442588,1262905502533629441,Deh As,HYPОһRX ARMYYрҹ§ғ,1743355595
DElM0S777,8513343225,8291396854021557569,вҺҜкҜӯМҪрқ‘Әрқ’Җрқ‘·вӣ§вғқрҹҮөрҹҮӘрқ‘«рқ‘¬рқ‘°рқ‘ҙрқ‘¶рқ‘әрқҹ•рқҹ•рқҹ•ОһрҹҮөрҹҮӘрҹҮұрҹҮ·ОһгҖҺрқ•·рқ–ҡрқ–қрқ•Ҝрқ–Ҷрқ–ҷрқ–ҡрқ–ҳгҖҸ,HYPОһRX ARMYYрҹ§ғ,1743355595
demoniotipster,1171773806,-2677487903977773793,Asmodeo,HYPОһRX ARMYYрҹ§ғ,1743355595
dest24s,8135086979,-4392920471699914080,Diego Hem,HYPОһRX ARMYYрҹ§ғ,1743355595
detroitx7,7891286413,-8267632308022372314,DETROIT,HYPОһRX ARMYYрҹ§ғ,1743355595
DEVILYINKAZAMA21,1289334836,830325981476444753,Yin DEVIL,HYPОһRX ARMYYрҹ§ғ,1743355595
Dex2005000,6036750182,8219561149470840587,Dex,HYPОһRX ARMYYрҹ§ғ,1743355595
Dexxuz,7467893635,-4183513515914305308,Raul DURAND,HYPОһRX ARMYYрҹ§ғ,1743355595
DeyV09,8005666073,-7223045002778342464,Fer Oh,HYPОһRX ARMYYрҹ§ғ,1743355595
Dieg_or,6254598376,-2156153422085261385,Diego,HYPОһRX ARMYYрҹ§ғ,1743355595
diego19os,6621762234,3431220688748969866,josue,HYPОһRX ARMYYрҹ§ғ,1743355595
DiegoD3,6564081788,304431478420485671,Diego,HYPОһRX ARMYYрҹ§ғ,1743355595
diegossss789,5528453833,1676461542423458259,s,HYPОһRX ARMYYрҹ§ғ,1743355595
dieguitoxf,5770528508,7935050933902971511,D!egu!to,HYPОһRX ARMYYрҹ§ғ,1743355595
DigitalServiceTM,1609434116,4098036051533508224,Digital Services,HYPОһRX ARMYYрҹ§ғ,1743355595
dimepap1,6785588883,7079034480581121559,JPM,HYPОһRX ARMYYрҹ§ғ,1743355595
dimitrientel,6148097212,-1982664403093857226,DIMITRI ENTEL,HYPОһRX ARMYYрҹ§ғ,1743355595
DinaRonRon,2053344276,-7431055769422878927,Shadow Lv,HYPОһRX ARMYYрҹ§ғ,1743355595
diomarpe,7138332375,7489848458413379891,clhy |,HYPОһRX ARMYYрҹ§ғ,1743355595
Diosbendicemifamilia,6642984230,7485477629206697657,@Johan,HYPОһRX ARMYYрҹ§ғ,1743355595
diosdelared15,5181326616,-4351041651164549673,[ рқҗғрқҗҲрқҗҺрқҗ’рқҗғрқҗ„рқҗӢрқҗҖрқҗ‘рқҗ„рқҗғ ] рҹҮөрҹҮӘ гҖҺрқ•Ҡрқ•ҷрқ•’рқ••рқ• рқ•ЁгҖҸ,HYPОһRX ARMYYрҹ§ғ,1743355595
DIOSPERUANO,8130105378,1567080353763076421,DIOS,HYPОһRX ARMYYрҹ§ғ,1743355595
DiverseRx,7462613299,-6129812794342337720,Diverse аҰ”а§Јв•°вҖҝв•Ҝ,HYPОһRX ARMYYрҹ§ғ,1743355595
Djvader_ibiza_sonica,6534224758,-5558829826065470079,Dвұј бөҘвӮҗDвӮ‘бөЈ,HYPОһRX ARMYYрҹ§ғ,1743355595
doc_250643,1241523370,2609334810683852463,DR CAOS 1945,HYPОһRX ARMYYрҹ§ғ,1743355595
DoLLar4_20,5062310444,-951769163866842902,а«җDollвҲҶR$рҹ‘ҪвғӨ MATRIX|420,HYPОһRX ARMYYрҹ§ғ,1743355595
DonCanero,5237627931,-7593129688141664293,Don Canero,HYPОһRX ARMYYрҹ§ғ,1743355595
DonFrioXD,5851077050,8791427461308413398,DonoFRIO,HYPОһRX ARMYYрҹ§ғ,1743355595
Donniebrasco11,6280036013,-835433595594437239,Gin,HYPОһRX ARMYYрҹ§ғ,1743355595
DORAEMON_PERU,8448185539,619054093456685464,DORAEMON PERU рҹҺҜ |рқ‘…рқ‘’рқ’№рқ’һрқ‘ңрқ“ғрқ’«рқҗё | рқ•әрқ–Ӣрқ–Ҡрқ–—рқ–ҷрқ–Ҷрқ–ҳ рқ•»рқ–Ҡрқ–—рқ–ҡ,HYPОһRX ARMYYрҹ§ғ,1743355595
doraemonnxoxo,1726692743,-1326610853046740309,Doraemon,HYPОһRX ARMYYрҹ§ғ,1743355595
DOX_CASTILLO,7711737481,515400214500597109,DOX CASTILLO.,HYPОһRX ARMYYрҹ§ғ,1743355595
DoxingFL2,5163438969,6669993015027838745,ANTONYX GREEN,HYPОһRX ARMYYрҹ§ғ,1743355595
DragonRedi0,6176089491,746903793105311135,Mikel Ra,HYPОһRX ARMYYрҹ§ғ,1743355595
Drake737382,7451247246,7039837728805423856,Dreikk,HYPОһRX ARMYYрҹ§ғ,1743355595
dran12388,7676770157,7534123842269376906,Luis Adr,HYPОһRX ARMYYрҹ§ғ,1743355595
dreu04,1655546696,2725377451387875246,Andres ss,HYPОһRX ARMYYрҹ§ғ,1743355595
drockzer,1951668629,-5798830456916629977,бө’б¶°ЛЎКёрқ‘Ірқ‘ірқ‘ӯгҖҶб¬ҠвҖҢрқҗғрқҗ‘рқҗҺрқҗӮрқҗҠрқҗҷрқҗ„рқҗ‘вҖўбӯ„,HYPОһRX ARMYYрҹ§ғ,1743355595
Drtrum,6970627788,-8133561034633490105,.,HYPОһRX ARMYYрҹ§ғ,1743355595
DubalKing,5637502208,8900893530366897249,DB,HYPОһRX ARMYYрҹ§ғ,1743355595
Ducaty123,6188762996,1957222876649668828,Lexus 23,HYPОһRX ARMYYрҹ§ғ,1743355595
Duckson_Ley,1555402262,8012883445244044203,El Ya,HYPОһRX ARMYYрҹ§ғ,1743355595
DUtdrrA,1391971962,5661793976465357586,Daniel,HYPОһRX ARMYYрҹ§ғ,1743355595
E1_495,1900617485,6707462994182173853,.,HYPОһRX ARMYYрҹ§ғ,1743355595
EBRI_293,8511093489,-918251116270316062,SHI,HYPОһRX ARMYYрҹ§ғ,1743355595
EddieSlayer,867182926,931235042573676134,Slayer,HYPОһRX ARMYYрҹ§ғ,1743355595
Edu_MeCa,6609579715,-171231341166790921,рҹ‘‘Edu MeCaрҹ‘‘,HYPОһRX ARMYYрҹ§ғ,1743355595
edupro22,1853686135,5280943370987743276,Edu,HYPОһRX ARMYYрҹ§ғ,1743355595
effyghost,5020993539,7131774097487591698,рқ•°рқ–Ӣрқ–Ӣрқ–һ рқ–Ңрқ–Қрқ–”рқ–ҳрқ–ҷ - рқ“җрқ“•рқ“ҡ,HYPОһRX ARMYYрҹ§ғ,1743355595
Efraincarhuaz,6293051233,-254290763897959131,Efrain,HYPОһRX ARMYYрҹ§ғ,1743355595
eguillem,6450922922,-540540902269569992,eGuillem,HYPОһRX ARMYYрҹ§ғ,1743355595
El_FaVorito03,6586831809,9076231519797728902,Manolo Montana<JS> рҹҮёрҹҮҰ,HYPОһRX ARMYYрҹ§ғ,1743355595
ElAbuelo18,6747432473,-5762086338236672624,MalconBailey,HYPОһRX ARMYYрҹ§ғ,1743355595
ELBARTODM,7275896272,74863792863919024,EL BARTO FF,HYPОһRX ARMYYрҹ§ғ,1743355595
elbicho305,6810192145,4057042445198727923,рқ”’рқ”ҹрқ”©рқ”Ұрқ”ірқ”Ұрқ”¬рқ”«дё¶Obito_idk,HYPОһRX ARMYYрҹ§ғ,1743355595
ElbichoRM,6674992627,8045907465404745315,CR7,HYPОһRX ARMYYрҹ§ғ,1743355595
Elcabo1,5472540413,7139663099092403126,Elcaboрҹ§івңҲпёҸрҹ‘‘,HYPОһRX ARMYYрҹ§ғ,1743355595
ElCanelo12,1689260362,-7438640372908944985,ElCanelo,HYPОһRX ARMYYрҹ§ғ,1743355595
elda369,6528460349,5076405641548184956,Puff Daddy,HYPОһRX ARMYYрҹ§ғ,1743355595
Electrolitoo,6312309039,6449102734530887168,VIP MAN VIP MAN,HYPОһRX ARMYYрҹ§ғ,1743355595
elessar808,8004783590,-1520724451996005564,F,HYPОһRX ARMYYрҹ§ғ,1743355595
elfakinmichu,1373597985,-5650035717491408915,michu prime,HYPОһRX ARMYYрҹ§ғ,1743355595
elhombredelsacoxd,5017933519,5710604988540084163,El hombre del saco,HYPОһRX ARMYYрҹ§ғ,1743355595
EliseoDevPrime,7572963509,5104749229177511391,Eliseo,HYPОһRX ARMYYрҹ§ғ,1743355595
Eliuwu20,6551395675,3124955693326927930,Uwu,HYPОһRX ARMYYрҹ§ғ,1743355595
Elkikinnn,7358252422,-3485865592036744105,Kikin O.p,HYPОһRX ARMYYрҹ§ғ,1743355595
elmejordelmundo11,7184288418,1514039292273799959,Pppp,HYPОһRX ARMYYрҹ§ғ,1743355595
Elmejorvendedordelmundo,1685150914,8156915432812220028,The Best Seller in The World,HYPОһRX ARMYYрҹ§ғ,1743355595
ElMenchoGuey,7645786850,533909171146841318,Soy El Mencho Guey,HYPОһRX ARMYYрҹ§ғ,1743355595
elmo322,5963667698,8210737692734860110,Elmoo2324,HYPОһRX ARMYYрҹ§ғ,1743355595
Elpajerolocoooooo,6765858308,-7658331370675588814,Pajero Loco,HYPОһRX ARMYYрҹ§ғ,1743355595
ELPARC3,5170021535,1694366549708960579,рқ•°рқ•· рқ•»рқ•¬рқ•Ҫрқ•®рқ•° рҹҰҮ,HYPОһRX ARMYYрҹ§ғ,1743355595
Elposho45,1352619344,3794847602107136973,@elpoehi76785,HYPОһRX ARMYYрҹ§ғ,1743355595
ElRealComeSolo,6164500767,6957359112912253930,El Real Come Solo вҳ пёҸ,HYPОһRX ARMYYрҹ§ғ,1743355595
elredsentai,1392819321,9037599070275423635,LOTSO,HYPОһRX ARMYYрҹ§ғ,1743355595
ELREYDELSTREAMINGOF,6524807659,8003369106112019878,EL REY DEL STREAMING,HYPОһRX ARMYYрҹ§ғ,1743355595
Elsapito777,5333789587,3726978603993896396,Shaguitto Scotth,HYPОһRX ARMYYрҹ§ғ,1743355595
Elsapitoss,1972279800,6131683910254821190,Elsapitoss,HYPОһRX ARMYYрҹ§ғ,1743355595
eltiojunta,7589542319,-5086509321090746968,O R M I,HYPОһRX ARMYYрҹ§ғ,1743355595
eltodopoderoso22,6153598675,-6221822265222730132,ELTODOPODEROSO,HYPОһRX ARMYYрҹ§ғ,1743355595
ElUser1233,5465211034,4851729689936552540,Alfonso,HYPОһRX ARMYYрҹ§ғ,1743355595
emir679,1984922357,7421313651207479464,Emir 6,HYPОһRX ARMYYрҹ§ғ,1743355595
EmpireSystem_Ofc,8098686504,8650900042532662986,рҹҮөрҹҮӘ рқҗ„рқҗҢрқҗҸрқҗҲрқҗ‘рқҗ„ рқҗ’рқҗҳрқҗ’рқҗ“рқҗ„рқҗҢ рҹҮөрҹҮӘ,HYPОһRX ARMYYрҹ§ғ,1743355595
enfocados6,6987522831,-4518401186556889903,Enfocado,HYPОһRX ARMYYрҹ§ғ,1743355595
EnrikeContreras,1223590715,-1300801807436328833,Enrike Contreras,HYPОһRX ARMYYрҹ§ғ,1743355595
Enriquekhanty,558405110,7428319054533572622,Enrique Pinedo,HYPОһRX ARMYYрҹ§ғ,1743355595
EnriqueMubarak305,1775816108,-8771695254752503839,. вҷҳвҸҗрҹ…ҙЙҙб·ўКҖНЈЙӘб·ҹЗ«б·ҰбҙңНЈбҙҮб·ЎвҷҳвҷҳвҸҗрҹҮөрҹҮ°рҹҮөрҹҮ°рҹҮөрҹҮ°,HYPОһRX ARMYYрҹ§ғ,1743355595
epicteto934,1397237033,-3293872788446405205,K BR,HYPОһRX ARMYYрҹ§ғ,1743355595
Epicuro11,2081882334,-7784086060949982338,Epicuro,HYPОһRX ARMYYрҹ§ғ,1743355595
Erickmqc11,6055702523,1349752634541211467,ERICK,HYPОһRX ARMYYрҹ§ғ,1743355595
erickvalera1,6110129225,-6100992978485521212,ГҒngel,HYPОһRX ARMYYрҹ§ғ,1743355595
erredosdedosdecla,8062379874,-2106249782869087054,Carlos Flores,HYPОһRX ARMYYрҹ§ғ,1743355595
EspadachinRoronoa,7337975551,4128499537282967624,ZМҙoМҙoМҙrМҙoМҙ RМҙoМҙrМҙoМҙnМҙoМҙaМҙ,HYPОһRX ARMYYрҹ§ғ,1743355595
EspinozaStore,982210370,-1777484798063850451,Espinoza Store,HYPОһRX ARMYYрҹ§ғ,1743355595
Estefkop,1784164002,5063438445025378832,Keklan Richetti xd,HYPОһRX ARMYYрҹ§ғ,1743355595
Estonytuserlto,7006786058,4490480149483748698,Fantasmita Soy,HYPОһRX ARMYYрҹ§ғ,1743355595
EthicalBytex,6142842715,-634702722522726052,Ebenezer Scrooge,HYPОһRX ARMYYрҹ§ғ,1743355595
Eudeald,7770259953,-2635324360951969459,Christopher,HYPОһRX ARMYYрҹ§ғ,1743355595
eudociocrema,1755842496,7729859269571233573,Eudocio Crema,HYPОһRX ARMYYрҹ§ғ,1743355595
EudolioXD,7303841744,-2795516846119361384,вң§ рқ‘Ёрқ‘·в”ӮEudolio Vladimiro рҹҮөрҹҮӘ,HYPОһRX ARMYYрҹ§ғ,1743355595
extraditable27,8000011535,113038718488278686,вңҹ рқҷҡрқҷӯрқҷ©рқҷ§рқҷ–рқҷҷрқҷһрқҷ©рқҷ–рқҷ—рқҷЎрқҷҡрқҷӣрқҷӘрқҷҳрқҷ  | рқ–ҡрқ–“рқ–ҳрқ–ҷрқ–”рқ–•рқ–•рқ–Ҷрқ–Үрқ–‘рқ–Ҡ вңһ,HYPОһRX ARMYYрҹ§ғ,1743355595
EzTavo,412515780,-2274210076635610203,Gustavo,HYPОһRX ARMYYрҹ§ғ,1743355595
F0XIT_SHOP,8559953441,46366711831950848,рқҗҖрқҗҸрқҗ“в”Ҷ COCOв”ҶрқҗҚрқҗ®рқҗҘрқҗҘрқҗ©рқҗһрқҗ«рқҗ®рҹ’і,HYPОһRX ARMYYрҹ§ғ,1743355595
F4D777,1438828341,8174510002893352827,.,HYPОһRX ARMYYрҹ§ғ,1743355595
Fabiansanchezz,8082092313,7040588390389228265,Fabian,HYPОһRX ARMYYрҹ§ғ,1743355595
FABRICIOTOOL,7440921697,-4652105986211090862,Telefonia MrFx,HYPОһRX ARMYYрҹ§ғ,1743355595
FabricioVillar1,7422165554,-5271369834880639423,Fabricio Villar,HYPОһRX ARMYYрҹ§ғ,1743355595
Fabro0108,7023404805,-6838743146574772728,Fabri Sg,HYPОһRX ARMYYрҹ§ғ,1743355595
Faker1331,5324767514,-7838496482257166756,FakeR,HYPОһRX ARMYYрҹ§ғ,1743355595
fakkuur,5594667050,-5731099831576067080,Fakku,HYPОһRX ARMYYрҹ§ғ,1743355595
FallenSky23,5399309123,-4135776557663069345,Fabricio,HYPОһRX ARMYYрҹ§ғ,1743355595
FBI_Agente_Especial,6342744443,-880102431178751007,FBI,HYPОһRX ARMYYрҹ§ғ,1743355595
feelgd05,1726814140,1085925487950660131,Yhon QFlorez,HYPОһRX ARMYYрҹ§ғ,1743355595
Fer_kry,7039938584,7403872959043682772,Fernanda,HYPОһRX ARMYYрҹ§ғ,1743355595
Fernando0525,5371338584,-2607432531376750373,Fernando,HYPОһRX ARMYYрҹ§ғ,1743355595
fernando7707,5598003548,-8775702707482879215,Federiko,HYPОһRX ARMYYрҹ§ғ,1743355595
Fernando_20024,5740913551,-4872837107384043041,Luis,HYPОһRX ARMYYрҹ§ғ,1743355595
Fernandocarmona58,5435707538,7888358470242382943,Fernando Carmona,HYPОһRX ARMYYрҹ§ғ,1743355595
fernandoSempire,1527581202,-433967876206559152,Lobito Streaming,HYPОһRX ARMYYрҹ§ғ,1743355595
Fishyeral,6031074330,99252001478830809,KNG fishyeral,HYPОһRX ARMYYрҹ§ғ,1743355595
flavialaus,6818123084,-6916664815772961412,Flavia,HYPОһRX ARMYYрҹ§ғ,1743355595
FlewTeam,1783901179,7036107164011264609,Flew Гң,HYPОһRX ARMYYрҹ§ғ,1743355595
floierflop,6284424513,6389312785049607520,Floier,HYPОһRX ARMYYрҹ§ғ,1743355595
Flowmix123,5730145392,-8779863520310900899,El Gg,HYPОһRX ARMYYрҹ§ғ,1743355595
forevertimeq,8416202956,-7903661918993281240,Nyx,HYPОһRX ARMYYрҹ§ғ,1743355595
Fraco22733722,5666650302,-2759335510503231976,FRANCO,HYPОһRX ARMYYрҹ§ғ,1743355595
franciscsha,7752070105,5934812761764825625,Francesca,HYPОһRX ARMYYрҹ§ғ,1743355595
francoglx20,2133462652,-7897562937999036570,Franco,HYPОһRX ARMYYрҹ§ғ,1743355595
frankdoxing1,7357258584,-4821820945923141055,гҖҺв„Ёрқ”ўрқ”Ҝрқ”¬рқ”Ҡв„Ңрқ”¬рқ”°рқ”ұгҖҸ рқҗ…рқҗ‘рқҗҖрқҗҚрқҗҠ [рқҗӮрқҗҲрқҗҚрқҗ„рқҗҸрқҗӢрқҗҖрқҗҚрқҗ„рқҗ“ рқҗ’рқҗ„рқҗ— ] рқ•ӯрқ–Һрқ–“рқ–ҳрқ•»рқ–Ҡрқ–—рқ–ҡ,HYPОһRX ARMYYрҹ§ғ,1743355595
frankIinservice,8129058736,-2632745859126209985,Franklin рқ•ӯрқ–Һрқ–“рқ–ҳрқ•»рқ–Ҡрқ–—рқ–ҡ,HYPОһRX ARMYYрҹ§ғ,1743355595
franpoka,6848998888,-9014206431069363573,Felipe palacios,HYPОһRX ARMYYрҹ§ғ,1743355595
Frksjfi,8559468675,5223526234337926389,Lore Lore,HYPОһRX ARMYYрҹ§ғ,1743355595
fuckslowlyshit,1199837384,-4056441316212013809,Slowly,HYPОһRX ARMYYрҹ§ғ,1743355595
funez2,6099452538,-7241588305726356136,Funez,HYPОһRX ARMYYрҹ§ғ,1743355595
fvckdac0ps,8622307273,-204882894293341123,ЛҡвӮҠВ·вҖ” НҹНһНһ вӣ§вғқ SeNoRa [ рқҡ…рқҷә ]вӣ§рқҳҚрқҳөрқҳҚвҳ¬~fvckdAc0ps,HYPОһRX ARMYYрҹ§ғ,1743355595
Fwdkfkff,7189337604,-4180464725823901159,Nirvan,HYPОһRX ARMYYрҹ§ғ,1743355595
Fxc_kriss,1502008574,-4203797157094243483,Jsmy,HYPОһRX ARMYYрҹ§ғ,1743355595
FXCSUTA22,5771597007,7808935924379361698,MRX SUTA FXC,HYPОһRX ARMYYрҹ§ғ,1743355595
fyrkcz0311,2118267407,4909863508952002019,Fernando,HYPОһRX ARMYYрҹ§ғ,1743355595
fzO2000,6859582058,-5019466709285549955,fzO,HYPОһRX ARMYYрҹ§ғ,1743355595
g0nxal01,782739754,-4927190933109770172,Xalo Xata,HYPОһRX ARMYYрҹ§ғ,1743355595
G4lant1s,6935296713,-563993664678101101,в«· GбҙҖКҹбҙҖЙҙСӮО№sв«ё [MEXIC] рҹҮІрҹҮҪвһ¬рҹҮөрҹҮӘ в«ё,HYPОһRX ARMYYрҹ§ғ,1743355595
Ga_land1,7955441213,-2302379423781940770,Galand,HYPОһRX ARMYYрҹ§ғ,1743355595
GabrielPeru,7719086408,-4050864914463191539,вҺҜкҜӯМҪрқ‘Әрқ’Җрқ‘·вӣ§вғқрҹҮөрҹҮӘ|рқҗҶрқҗҖрқҗҒрқҗ‘рқҗҲрқҗ„рқҗӢ рқҗҸ.| рқ•ӯрқ–Һрқ–“рқ–ҳрқ•»рқ–Ҡрқ–—рқ–ҡ| рқ‘№рқ‘©рқ‘·,HYPОһRX ARMYYрҹ§ғ,1743355595
gadosnchez,6055389674,-6989670693583125355,Gado SГЎnchez,HYPОһRX ARMYYрҹ§ғ,1743355595
galmasac,1643753835,2255457392302591121,Diego Huaman,HYPОһRX ARMYYрҹ§ғ,1743355595
Gamora09,5972900040,-1924931060422085329,Gamora,HYPОһRX ARMYYрҹ§ғ,1743355595
Gatanas69,1023660944,1102949984081064319,Gatanas,HYPОһRX ARMYYрҹ§ғ,1743355595
gaticopulgoso,6345299943,-3352363866393625076,GATO PULGOSO,HYPОһRX ARMYYрҹ§ғ,1743355595
Gatins,1772250787,2359508793745359881,Manuel Ruiz,HYPОһRX ARMYYрҹ§ғ,1743355595
GatitoGael25,7012603573,-6476792365612797240,Gatito Gael STR,HYPОһRX ARMYYрҹ§ғ,1743355595
GatitoOnFir,5940218212,4436498968409249955,ElCortaSandiasвҲҶвҲҶвҲҶ,HYPОһRX ARMYYрҹ§ғ,1743355595
GATO_financiero,6422916121,3455512372111197452,рқҗҶрқҗҖрқҗ‘рқҗ…рқҗҲрқҗ„рқҗӢрқҗғ,HYPОһRX ARMYYрҹ§ғ,1743355595
GatoWasThere,8065955046,-3212816893475736065,ЛҡвӮҠВ·вҖ” НҹНһНһ вӣ§вғқ SeNoRaвӣ§рқҳҚрқҳөрқҳҚвҳ¬|Gato|кҢҡвҲҖ,HYPОһRX ARMYYрҹ§ғ,1743355595
GatoWeeed,1537106747,-6340933811644461425,~ Gato Weed #_#,HYPОһRX ARMYYрҹ§ғ,1743355595
gavvaaj0,2003700140,-1277676929448798096,Cristian CV,HYPОһRX ARMYYрҹ§ғ,1743355595
geldgts,1339202880,4390420098540451297,Jgueiskdkdlflfl,HYPОһRX ARMYYрҹ§ғ,1743355595
geonidas13,6240307713,-572142752029907630,ВўвӮ¬В©. Planestreming1.,HYPОһRX ARMYYрҹ§ғ,1743355595
Gerardo494,6747305296,5703951120763807984,GбӣҠбҡұбҡ№бҡә,HYPОһRX ARMYYрҹ§ғ,1743355595
gerson1991,6691580661,2078110713824839940,RoMeO,HYPОһRX ARMYYрҹ§ғ,1743355595
GgtxNeo,5167732253,1998115393000761218,Cheroco Oropeza гҖҺрқҷҪрқҡүгҖҸ,HYPОһRX ARMYYрҹ§ғ,1743355595
GHClone1Bot,890581021,-4774363821243312482,Group Help,HYPОһRX ARMYYрҹ§ғ,1743355595
GHClone3Bot,909117236,6412401526545418304,Group Help,HYPОһRX ARMYYрҹ§ғ,1743355595
GhostKevin,7142313961,8781442600770491027,Kevin,HYPОһRX ARMYYрҹ§ғ,1743355595
Giannisxd,5725652528,-1255008959314222833,Giannis Antetokounmpo,HYPОһRX ARMYYрҹ§ғ,1743355595
GN78966,1666774966,-278406994970555513,Gersson Nolasco,HYPОһRX ARMYYрҹ§ғ,1743355595
goatchiken,6246167248,8994010581368867892,fake,HYPОһRX ARMYYрҹ§ғ,1743355595
GodTec7,5995004793,8155542724978550340,в–Ҳв–Ҳв–Ҳ,HYPОһRX ARMYYрҹ§ғ,1743355595
gokuspecial10,6212914745,-4202230656731175346,Kakarotinho,HYPОһRX ARMYYрҹ§ғ,1743355595
Gokusupersayajin,5452560396,-7416457643384782757,KNG в”Ӣ рқҗәрқ‘Ӯрқҗҫрқ‘Ҳ гғ„,HYPОһRX ARMYYрҹ§ғ,1743355595
Gokuuub,6981129098,-1405610742865828927,Goku 245,HYPОһRX ARMYYрҹ§ғ,1743355595
Goldenteamzz,6068132236,314205140062315758,Goldenteamzz,HYPОһRX ARMYYрҹ§ғ,1743355595
GolUniversitario,6167280340,-787299603495339246,ArVрҹҗ¶,HYPОһRX ARMYYрҹ§ғ,1743355595
good1_wf,5352196417,-8784702692977614074,Knifire Xd,HYPОһRX ARMYYрҹ§ғ,1743355595
gota10ec,6718972069,3156939020577718522,Eduardo Cortez,HYPОһRX ARMYYрҹ§ғ,1743355595
GotayxX,1877344808,-4920424187401416754,к“Ёг„–TвұҜЙҺ pe,HYPОһRX ARMYYрҹ§ғ,1743355595
Gotti696,2067645976,4318807430476796130,GottВЎ,HYPОһRX ARMYYрҹ§ғ,1743355595
Gqmeb0y,5044019729,4777513508311307851,Gamercito,HYPОһRX ARMYYрҹ§ғ,1743355595
grabielmc,1673026279,-8614814362863917025,El seГұor de la noche,HYPОһRX ARMYYрҹ§ғ,1743355595
Grefoarmando,6248039604,8862813009508243593,Yapito,HYPОһRX ARMYYрҹ§ғ,1743355595
Gupesip,7105435109,2499455467007204931,Gupesip,HYPОһRX ARMYYрҹ§ғ,1743355595
Gussystem2230,1432681955,-2872293483035121556,Guss Ingenier,HYPОһRX ARMYYрҹ§ғ,1743355595
Gustavo259498,5711288667,8884087581868573357,Gustavo D'c,HYPОһRX ARMYYрҹ§ғ,1743355595
Hablame12,8222545135,-2685329796119311130,Viajes,HYPОһRX ARMYYрҹ§ғ,1743355595
Hacklinux123,6052855694,1718758607996885262,Hack Linux,HYPОһRX ARMYYрҹ§ғ,1743355595
Hanayamakaouru,6263062331,-5289985492277839691,Hanayama,HYPОһRX ARMYYрҹ§ғ,1743355595
hans29v,5324215862,1188782377714208929,Hans,HYPОһRX ARMYYрҹ§ғ,1743355595
HarolMarz,1868981628,-3486466910343517578,Harol Martinez,HYPОһRX ARMYYрҹ§ғ,1743355595
HarveySpecter98,6692025683,7365504137336875736,Batman Pipipi,HYPОһRX ARMYYрҹ§ғ,1743355595
Hdjdj662,5293077516,-6365345444691436191,CULEBRA,HYPОһRX ARMYYрҹ§ғ,1743355595
headhunterz77,1954035412,-6081009438576332122,BlueFenix,HYPОһRX ARMYYрҹ§ғ,1743355595
Helmer_1,7168235589,5553211619228576118,Helmer,HYPОһRX ARMYYрҹ§ғ,1743355595
Henrryboys,5251104128,-3250727572945610926,Henrry Boys Ch,HYPОһRX ARMYYрҹ§ғ,1743355595
HGhots,5026111011,-3809787488762142837,Ghost рҹ‘» slark,HYPОһRX ARMYYрҹ§ғ,1743355595
hidan258,5702608541,7674046282918161408,вқӮр“ҖҖгҖҗHгҖ‘гҖҗiгҖ‘гҖҗdгҖ‘гҖҗaгҖ‘гҖҗnгҖ‘вқӮр“ҖҖ,HYPОһRX ARMYYрҹ§ғ,1743355595
Hiei619,8414749294,-3730300231140660678,бҙөбҙ¬бҙ№ HiД“i дә— бӯ„ рқ— бҘІnzanб¶ӨПҜбҘІ бӯ„дә—рҹҘҖ,HYPОһRX ARMYYрҹ§ғ,1743355595
HIROKI_ViP,5437073837,4224966450581416006,р’…җ CМҪН“aМҪН“XМ·sвңҫHМ·iМ·rМ·XМ·kМ·iМ· вҷұ [рҹҚ•] еҚҚ [р“ӮҖрқ‘үрқ‘’рқ‘ҷрқ‘Һ] вҷұ|,HYPОһRX ARMYYрҹ§ғ,1743355595
hirxxxx,6296540439,6126144168575252103,Hiromi Vasquez,HYPОһRX ARMYYрҹ§ғ,1743355595
Holas1818,1441646857,-7184719673851347602,Ricardito,HYPОһRX ARMYYрҹ§ғ,1743355595
Hoobs12,8103764947,43971022198025534,Alexis,HYPОһRX ARMYYрҹ§ғ,1743355595
hozwalxdd,7712297008,6813557257081665288,Hozwal,HYPОһRX ARMYYрҹ§ғ,1743355595
hpvgpeluca,6179501541,7898980303122359882,A .,HYPОһRX ARMYYрҹ§ғ,1743355595
HtppBluehat,8346357176,-7781205524285952193,рқ“—рқ“Ҫрқ“Ҫрқ“№.рқ“‘рқ“өрқ“ҫрқ“®рқ“ұрқ“Әрқ“Ҫ,HYPОһRX ARMYYрҹ§ғ,1743355595
htriedi,1392360595,9177481935798857199,PAM,HYPОһRX ARMYYрҹ§ғ,1743355595
Huarocgg,7853640625,-6693644788698037823,Etherum,HYPОһRX ARMYYрҹ§ғ,1743355595
Hubertxd,1161120343,-822658134886288775,Hubert,HYPОһRX ARMYYрҹ§ғ,1743355595
Hugojr,5893337975,5821900110832770115,Roberto Jara,HYPОһRX ARMYYрҹ§ғ,1743355595
HyperX_Store_bot,8778348824,6607543072952304593,HyperX Store,HYPОһRX ARMYYрҹ§ғ,1743355595
HyperXzz,5012439811,-3632543496068687871,HYPОһRX [рқҗӮрқҗҲрқҗҚрқҗ„рқҗҸрқҗӢрқҗҖрқҗҚрқҗ„рқҗ“ рқҗ’рқҗ„рқҗ— ] [рқ•ӯрқ–Һрқ–“рқ–ҳрқ•»рқ–Ҡрқ–—рқ–ҡ],HYPОһRX ARMYYрҹ§ғ,1743355595
hysteria669,5805677076,-3684028101309352294,Hysteria v2 PNB,HYPОһRX ARMYYрҹ§ғ,1743355595
ibaillanodox,6267475200,7139663365503613992,рқҷ„рқҳҪрқҳјрқҷ„,HYPОһRX ARMYYрҹ§ғ,1743355595
Iblafranco,5999029843,-255608247304424580,Fran,HYPОһRX ARMYYрҹ§ғ,1743355595
iCodigoX,6760506053,5161768254095591450,рҹҮөрҹҮӘ [CodigoX] рҹҮәрҹҮё,HYPОһRX ARMYYрҹ§ғ,1743355595
ID_25156,5517494548,5167741975216198862,Diego ID : 31465,HYPОһRX ARMYYрҹ§ғ,1743355595
IKKIDV2,7987606817,-7901122272808212154,IKKIDV2,HYPОһRX ARMYYрҹ§ғ,1743355595
Imfrancesco,7199124668,-8605624539982866884,Urgot,HYPОһRX ARMYYрҹ§ғ,1743355595
imsosorrybrb0,5580007046,-4733012853803309227,I O,HYPОһRX ARMYYрҹ§ғ,1743355595
infrodata,5753245678,6437877196545854181,Data$intro123$,HYPОһRX ARMYYрҹ§ғ,1743355595
INGALDADOX,7449541935,6204742632870342797,ING | ALDA DOX,HYPОһRX ARMYYрҹ§ғ,1743355595
Ingefujimori,7714205740,5922390669515272610,рқҗғрқҗүрқҗҸ рҹҮөрҹҮӘрҹҺ–пёҸв”Ӯрқҷ„рқҷүрқҷӮ | рқҷҒрқҷҗрқҷ…рқҷ„рқҷҲрқҷҠрқҷҚрқҷ„,HYPОһRX ARMYYрҹ§ғ,1743355595
Inuyasha80,6475131508,-2600965901602368115,SJM,HYPОһRX ARMYYрҹ§ғ,1743355595
IsaiasJheycoo,5971456575,-1509386721362110177,messi leonel,HYPОһRX ARMYYрҹ§ғ,1743355595
ishowspeedy2,8048637118,-4912887318447404391,LSTDв«· ishowspeedв«ё [USA]рҹҮәрҹҮІвһ¬рҹҮөрҹҮӘ в«ё,HYPОһRX ARMYYрҹ§ғ,1743355595
itachiuchihaprp,5570843492,-7620910392630969573,рқҷ„рқҷҸрқҳјрқҳҫрқҷғрқҷ„ рқҷҗрқҳҫрқҷғрқҷ„рқҷғрқҳјвҶҜ,HYPОһRX ARMYYрҹ§ғ,1743355595
iTALY12354,8290865351,6061826735476545837,CAER,HYPОһRX ARMYYрҹ§ғ,1743355595
ivanofvl23,5819562217,-4511111528077300353,Yvanof Villa leiva,HYPОһRX ARMYYрҹ§ғ,1743355595
IXXXXXXXT1,8345974514,9089994934259884719,Ian Keller,HYPОһRX ARMYYрҹ§ғ,1743355595
IzukuDekuTH,7122022881,-5031207457481612148,и’ҷ|вҖўрқҳҝрқҷҡрқҷ рқҷӘгҖҺрқ”…рқ”ўрқ”°рқ”ұрқ”ҳрқ”ӯрқ”Ўрқ”һрқ”ұрқ”ўгҖҸ,HYPОһRX ARMYYрҹ§ғ,1743355595
jahirxp,5789658900,580097709444702059,Angelo Jahir,HYPОһRX ARMYYрҹ§ғ,1743355595
jairvq8,1201064837,9199935255147698259,jairv,HYPОһRX ARMYYрҹ§ғ,1743355595
JamesBondStreaming,5378783665,5254740934159549051,James Bondвҷ пёҸ,HYPОһRX ARMYYрҹ§ғ,1743355595
Jampuero,2062614778,-6195866438500267519,PapiStev,HYPОһRX ARMYYрҹ§ғ,1743355595
Jarol12,8556486769,7937106921514729647,El matatan Quispe,HYPОһRX ARMYYрҹ§ғ,1743355595
jatsgag,5679164024,-5529055520910941729,R .,HYPОһRX ARMYYрҹ§ғ,1743355595
Jax_Teller_Morrow,6872375713,9148456564921412620,J4x$$,HYPОһRX ARMYYрҹ§ғ,1743355595
JAYA_XD,5316503254,1212812743912727962,JAYA,HYPОһRX ARMYYрҹ§ғ,1743355595
jayrocarbajal,5602800930,-8135621310984936495,Jayro,HYPОһRX ARMYYрҹ§ғ,1743355595
JB2012,8064269735,-6963886438945003793,J B,HYPОһRX ARMYYрҹ§ғ,1743355595
JckE05,2063871710,6548344850954885678,Jack COMISIONISTA,HYPОһRX ARMYYрҹ§ғ,1743355595
jean3pierre,5583419392,4504138837427495565,Jean Pierre,HYPОһRX ARMYYрҹ§ғ,1743355595
JeanCaballero10,5007633187,2274665939815607073,Jean Caballero,HYPОһRX ARMYYрҹ§ғ,1743355595
JeanPierre02,1559335463,-1865107474889987806,Jean Pierre,HYPОһRX ARMYYрҹ§ғ,1743355595
jeanvillarroelg,5367159662,-5363401399743176283,J,HYPОһRX ARMYYрҹ§ғ,1743355595
Jeedxf,5260298974,6565758511625824466,Bryan,HYPОһRX ARMYYрҹ§ғ,1743355595
JeffDox,6410311622,-2221586292759099533,рқ‘ұрқ‘¬рқ‘ӯрқ‘ӯ рқ‘«рқ‘¶рқ‘ҝ [рқ‘Әрқ‘°рқ‘өрқ‘¬рқ‘·рқ‘ірқ‘Ёрқ‘өрқ‘¬рқ‘» рқ‘әрқ‘¬рқ‘ҝ] рҹҢҗ,HYPОһRX ARMYYрҹ§ғ,1743355595
Jeffersonqueen,1832848672,-808299481584855786,Jefferson,HYPОһRX ARMYYрҹ§ғ,1743355595
Jeikogarabo,6148964856,6204647702398290875,jeiko garabo,HYPОһRX ARMYYрҹ§ғ,1743355595
Jeimaryxd,2014868667,-3910676055191670118,Tas Venudo!!!,HYPОһRX ARMYYрҹ§ғ,1743355595
Jhon7279,1636007247,-3630212938513074408,рқҗҶрқҗ“рқҗ— в„ўбҙҠКңбҙҸЙҙ рҹҮөрҹҮӘ рҹҮәрҹҮІ пЈҝ,HYPОһRX ARMYYрҹ§ғ,1743355595
JhonBravo777,880729168,4220056009685037611,.,HYPОһRX ARMYYрҹ§ғ,1743355595
jhontorres100,6176717759,-8951343410865924214,Jhon1998000,HYPОһRX ARMYYрҹ§ғ,1743355595
JHORDAND,5876719317,-1514448395514441381,Jhordan,HYPОһRX ARMYYрҹ§ғ,1743355595
JimenaCaceres,5168327686,-2567639963941225061,рқ•өрқ–Һрқ–’рқ–Ҡрқ–“рқ–Ҷ рқ•®рқ–Ҷрқ–Ҳрқ–Ҡрқ–—рқ–Ҡрқ–ҳ,HYPОһRX ARMYYрҹ§ғ,1743355595
Jinwhox809,7555962405,-5515389697338995320,Jinwhox (Link de mi grupo en mi perfil),HYPОһRX ARMYYрҹ§ғ,1743355595
jixxbank,7650044072,-8299736716379454944,РӣРһР РҹРҗР Рҡ рҹҮјрҹҮ«рҹҸҰ,HYPОһRX ARMYYрҹ§ғ,1743355595
JJ17SHOY,7991406079,1045860767269505787,JOTA JOTA рҹҮ»рҹҮі,HYPОһRX ARMYYрҹ§ғ,1743355595
Jjpopeye23,7935419347,-8529131238041109562,рҹҸҙвҖҚвҳ пёҸ рҹҸҙвҖҚвҳ пёҸ,HYPОһRX ARMYYрҹ§ғ,1743355595
jjttks,5673519367,-6587356644005361921,J,HYPОһRX ARMYYрҹ§ғ,1743355595
JLivetonyN,6783992070,-97477184452720146,рқҗӢрқҗўрқҗҜрқҗһрқҗӯрқҗЁрқҗ§рқҗІ ~ рқ•®рқ–—рқ–Ҷрқ–қрқ–җрқ–Ҡрқ–— //мҳҒмғқ//,HYPОһRX ARMYYрҹ§ғ,1743355595
Jmet23,963329042,722663934336668231,Jesus,HYPОһRX ARMYYрҹ§ғ,1743355595
jmh_ae,2098355071,-8209332037128892397,Jmh_ae,HYPОһRX ARMYYрҹ§ғ,1743355595
jnnx09,1554576403,979117932454650787,Jenni:),HYPОһRX ARMYYрҹ§ғ,1743355595
joa1070,1596179632,-582149512234796035,FrankThef,HYPОһRX ARMYYрҹ§ғ,1743355595
JoaoAntonioXSiempre,171719064,-408912347447137159,Joao,HYPОһRX ARMYYрҹ§ғ,1743355595
Joe030797,910402876,7329578529044077407,Joe Salvatierra,HYPОһRX ARMYYрҹ§ғ,1743355595
Joelgris,6694226979,2521716654982439769,Lobo Gris,HYPОһRX ARMYYрҹ§ғ,1743355595
Jora180,724361899,-3874305687762303116,Jora 12,HYPОһRX ARMYYрҹ§ғ,1743355595
jordam_zzz,1072902480,-7369128524724803344,Jordam,HYPОһRX ARMYYрҹ§ғ,1743355595
Jorge1O0,7648159931,7019796465849347961,Antrax,HYPОһRX ARMYYрҹ§ғ,1743355595
Jorge2590,6613971508,-6719855607635761025,Jorgito de los Backyardigans.,HYPОһRX ARMYYрҹ§ғ,1743355595
jorgecapo7,1583426497,465466964678373475,Jorge Capo,HYPОһRX ARMYYрҹ§ғ,1743355595
JorgeGuerrero18,7085288267,601245125783125425,рқ“ҡрқ“һрқ“— Jorge G.|рқ•ӯрқ–Һрқ–“рқ–ҳрқ•»рқ–Ҡрқ–—рқ–ҡ,HYPОһRX ARMYYрҹ§ғ,1743355595
jorgexd1322,5672203061,-4054892369853539224,Daniel MГ©ndez,HYPОһRX ARMYYрҹ§ғ,1743355595
Jos_CzO,6663501784,745453034767176349,вҺҜкҜӯМҪрқ“‘рқ“ҹрқ“— рқ—Ұрқ—§рқ—ўрқ—¬рқ—ў_б¶»б¶»б¶»рҹҮөрҹҮӘ,HYPОһRX ARMYYрҹ§ғ,1743355595
Jose_ma06,1578758517,-5364995761951476802,Jose Manuel Torres,HYPОһRX ARMYYрҹ§ғ,1743355595
JoseConInternet,5506862026,9107070863495788996,OВұ.,HYPОһRX ARMYYрҹ§ғ,1743355595
josemanuel1029,5986595626,-2075329460571691484,Jose Manuel,HYPОһRX ARMYYрҹ§ғ,1743355595
joseph_eke,5288473684,6780873430137648531,Joseph Cu,HYPОһRX ARMYYрҹ§ғ,1743355595
joshepcc,7877086186,-4164230684677090573,joshep,HYPОһRX ARMYYрҹ§ғ,1743355595
Joshurlo,1915731880,-5195538256011373555,Joshua Soe,HYPОһRX ARMYYрҹ§ғ,1743355595
Josua9393,1283171856,-4441292531792973335,Josh,HYPОһRX ARMYYрҹ§ғ,1743355595
jota23122003,6640800496,1019419393983128152,Carlos Cornejo,HYPОһRX ARMYYрҹ§ғ,1743355595
Jotaxxa,1712133192,2007819812448310383,Jota,HYPОһRX ARMYYрҹ§ғ,1743355595
jpe2026,5844976942,3132614935881455368,вҖўJвҖў,HYPОһRX ARMYYрҹ§ғ,1743355595
Jpinochoo,1112668923,4408996009529904351,Pinocho,HYPОһRX ARMYYрҹ§ғ,1743355595